"TABLE 5. Average Published Tuition and Fees at Public Institutions by State in Current Dollars and in 2017 Dollars, 2004-05 to 2017-18",,,,,,,,,,,,,,,,,,,,,,,,,,,,,,,,,,,
,Public Two-Year In-District Tuition and Fees,,,,,,,,,,,,,,,,Public Four-Year In-State Tuition and Fees,,,,,,,,,,,,,,,,,,
In 2017 Dollars,2004-05,2005-06,2006-07,  2007-08 ,2008-09,2009-10,2010-11,2011-12,2012-13,2013-14,2014-15,2015-16,2016-17,2017-18,1-Year % Change,5-Year % Change,,2004-05,2005-06,2006-07,  2007-08 ,2008-09,2009-10,2010-11,2011-12,2012-13,2013-14,2014-15,2015-16,2016-17,2017-18,1-Year % Change,5-Year % Change,,
Alaska,N/A,N/A,N/A,N/A,N/A,N/A,N/A,N/A,N/A,N/A,N/A,N/A,N/A,N/A,N/A,N/A,,"$4,439","$4,752","$5,045","$5,200","$5,206","$5,595","$5,907","$5,910","$6,181","$6,167","$6,307","$6,876","$7,250","$7,438",3%,20%,,
Alabama,"$3,526","$3,420","$3,351","$3,301","$3,155","$3,227","$3,837","$4,345","$4,368","$4,350","$4,373","$4,425","$4,470","$4,487",0%,3%,,"$5,829","$5,991","$5,901","$6,163","$6,641","$7,374","$8,279","$8,669","$9,332","$9,599","$9,740","$9,996","$10,256","$10,530",3%,13%,,
Arkansas,"$2,422","$2,480","$2,520","$2,513","$2,555","$2,703","$2,835","$2,885","$2,985","$3,150","$3,264","$3,490","$3,593","$3,645",1%,22%,,"$5,921","$6,239","$6,392","$6,580","$6,581","$6,797","$7,078","$7,210","$7,474","$7,599","$7,802","$8,085","$8,396","$8,553",2%,14%,,
Arizona,"$1,800","$1,907","$1,997","$1,981","$2,026","$2,180","$2,222","$2,331","$2,355","$2,445","$2,497","$2,538","$2,603","$2,606",0%,11%,,"$5,271","$5,555","$5,622","$5,828","$6,214","$7,450","$9,067","$10,223","$10,394","$10,561","$10,681","$10,907","$11,119","$11,218",1%,8%,,
California,"$1,044","$1,015",$871,$744,$706,$929,$920,"$1,212","$1,516","$1,493","$1,467","$1,459","$1,450","$1,430",-1%,-6%,,"$5,422","$5,670","$5,472","$5,818","$6,049","$7,445","$8,404","$9,679","$9,601","$9,512","$9,423","$9,505","$9,462","$9,680",2%,1%,,
Colorado,"$2,867","$2,992","$2,858","$2,890","$2,838","$3,146","$3,505","$3,677","$3,822","$3,924","$4,007","$4,182","$4,339","$4,458",3%,17%,,"$4,825","$5,546","$5,740","$6,387","$6,446","$7,127","$7,947","$8,529","$9,019","$9,532","$9,538","$9,999","$10,464","$10,797",3%,20%,,
Connecticut,"$3,110","$3,177","$3,214","$3,323","$3,321","$3,637","$3,827","$3,781","$3,844","$3,967","$3,972","$4,152","$4,259","$4,306",1%,12%,,"$8,189","$8,461","$8,583","$8,901","$8,945","$9,612","$10,080","$9,987","$10,295","$10,722","$10,938","$11,461","$11,983","$12,392",3%,20%,,
District of Columbia,N/A,N/A,N/A,N/A,N/A,N/A,N/A,N/A,N/A,N/A,N/A,N/A,N/A,N/A,N/A,N/A,,"$3,257","$3,157","$3,861","$4,430","$4,195","$6,104","$7,860","$7,584","$7,740","$7,603","$7,539","$7,612","$7,979","$8,060",1%,4%,,
Delaware,"$3,242","$3,357","$3,437","$3,521","$3,622","$3,885","$4,013","$4,136","$4,114","$4,244","$4,412","$4,527","$4,610","$4,720",2%,15%,,"$8,568","$8,832","$8,905","$9,176","$9,227","$10,244","$10,805","$11,310","$11,655","$11,798","$11,811","$11,976","$12,134","$12,267",1%,5%,,
Florida,"$2,301","$2,404","$2,443","$2,387","$2,551","$2,902","$3,114","$3,234","$3,303","$3,292","$3,263","$3,317","$3,289","$3,243",-1%,-2%,,"$3,947","$4,025","$3,988","$3,979","$4,257","$4,906","$5,652","$6,094","$6,662","$6,617","$6,508","$6,524","$6,464","$6,363",-2%,-4%,,
Georgia,"$2,682","$2,766","$2,690","$2,491","$2,341","$2,951","$3,144","$3,386","$3,542","$3,591","$3,698","$3,773","$3,835","$3,839",0%,8%,,"$4,408","$4,608","$4,702","$4,913","$4,956","$5,693","$6,593","$7,907","$8,055","$8,198","$8,270","$8,664","$8,560","$8,573",0%,6%,,
Hawaii,"$1,884","$1,910","$2,083","$2,287","$2,439","$2,777","$3,043","$3,213","$3,309","$3,408","$3,588","$3,758","$3,910","$3,845",-2%,16%,,"$4,376","$4,373","$5,085","$5,896","$6,480","$7,545","$8,374","$9,067","$9,203","$9,508","$9,962","$10,436","$10,834","$10,658",-2%,16%,,
Iowa,"$3,774","$3,871","$3,852","$3,914","$3,908","$4,207","$4,392","$4,454","$4,542","$4,598","$4,647","$4,858","$4,998","$5,083",2%,12%,,"$6,988","$7,039","$7,097","$7,307","$7,159","$7,629","$8,034","$8,193","$8,367","$8,213","$8,071","$8,080","$8,412","$8,759",4%,5%,,
Idaho,"$2,324","$2,350","$2,380","$2,458","$2,484","$2,749","$2,868","$3,024","$3,327","$3,874","$3,852","$3,971","$4,085","$4,045",-1%,22%,,"$4,641","$4,913","$4,999","$5,150","$5,132","$5,554","$5,985","$6,156","$6,399","$6,628","$6,780","$6,994","$7,134","$7,250",2%,13%,,
Illinois,"$2,572","$2,690","$2,768","$2,867","$2,890","$3,102","$3,380","$3,415","$3,471","$3,556","$3,641","$3,845","$3,963","$4,061",2%,17%,,"$8,393","$8,661","$9,693","$10,693","$11,152","$11,833","$12,316","$12,601","$13,001","$13,183","$13,142","$13,362","$13,671","$13,621",0%,5%,,
Indiana,"$3,340","$3,417","$3,467","$3,529","$3,491","$3,727","$3,864","$3,833","$3,911","$3,991","$4,293","$4,435","$4,535","$4,556",0%,17%,,"$7,557","$7,711","$7,885","$8,079","$8,037","$8,688","$8,969","$9,040","$9,312","$9,353","$9,281","$9,354","$9,404","$9,361",0%,1%,,
Kansas,"$2,284","$2,315","$2,270","$2,266","$2,208","$2,411","$2,561","$2,559","$2,689","$2,665","$2,752","$2,850","$2,998","$3,024",1%,12%,,"$5,482","$5,887","$6,271","$6,753","$6,688","$7,175","$7,441","$7,498","$7,778","$8,099","$8,483","$8,660","$9,060","$9,227",2%,19%,,
Kentucky,"$3,580","$3,768","$3,933","$4,054","$4,100","$4,273","$4,379","$4,389","$4,489","$4,529","$4,583","$4,773","$4,995","$5,090",2%,13%,,"$5,785","$6,300","$6,933","$7,379","$7,577","$8,089","$8,442","$8,640","$9,041","$9,117","$9,460","$9,812","$10,142","$10,302",2%,14%,,
Louisiana,"$2,246","$2,306","$2,255","$2,250","$2,167","$2,329","$2,484","$2,927","$3,206","$3,543","$3,724","$4,072","$4,125","$4,136",0%,29%,,"$4,567","$4,629","$4,535","$4,501","$4,533","$4,867","$5,314","$5,684","$6,277","$6,922","$7,525","$8,339","$9,087","$9,302",2%,48%,,
Massachusetts,"$4,344","$4,382","$4,305","$4,341","$4,368","$4,878","$5,158","$5,219","$5,464","$5,389","$5,454","$5,843","$5,931","$6,076",2%,11%,,"$9,091","$9,189","$9,121","$9,269","$9,169","$10,502","$10,653","$11,014","$11,378","$11,263","$11,269","$11,913","$12,524","$12,732",2%,12%,,
Maryland,"$3,849","$3,875","$3,755","$3,822","$3,705","$3,858","$4,005","$4,018","$4,152","$4,183","$4,248","$4,384","$4,493","$4,536",1%,9%,,"$8,750","$8,941","$8,680","$8,595","$8,226","$8,498","$8,687","$8,626","$8,772","$8,886","$8,920","$9,399","$9,519","$9,575",1%,9%,,
Maine,"$3,354","$3,523","$3,520","$3,667","$3,512","$3,678","$3,660","$3,607","$3,561","$3,561","$3,586","$3,581","$3,597","$3,582",0%,1%,,"$7,239","$7,598","$7,958","$8,619","$8,990","$9,712","$10,044","$10,148","$10,004","$9,841","$9,806","$9,819","$9,854","$9,965",1%,0%,,
Michigan,"$2,578","$2,663","$2,684","$2,737","$2,732","$2,872","$3,025","$3,100","$3,250","$3,379","$3,470","$3,565","$3,649","$3,757",3%,16%,,"$8,135","$8,891","$9,230","$9,988","$10,160","$11,095","$11,380","$11,746","$11,959","$12,156","$11,917","$12,302","$12,691","$12,935",2%,8%,,
Minnesota,"$4,905","$5,027","$5,129","$5,225","$5,077","$5,387","$5,546","$5,592","$5,737","$5,631","$5,530","$5,529","$5,467","$5,435",-1%,-5%,,"$8,353","$8,699","$9,043","$9,164","$9,256","$9,989","$10,540","$10,854","$11,070","$10,966","$10,854","$11,110","$11,206","$11,302",1%,2%,,
Missouri,"$2,781","$2,855","$2,876","$2,944","$2,878","$2,933","$2,897","$2,964","$3,086","$3,129","$3,162","$3,276","$3,320","$3,450",4%,12%,,"$7,669","$7,856","$7,850","$8,044","$8,044","$8,201","$8,164","$8,327","$8,489","$8,481","$8,625","$8,773","$8,776","$8,875",1%,5%,,
Mississippi,"$1,998","$2,090","$2,036","$2,008","$1,970","$2,109","$2,379","$2,389","$2,420","$2,507","$2,599","$2,651","$2,818","$3,118",11%,29%,,"$5,158","$5,241","$5,353","$5,590","$5,505","$5,629","$5,944","$6,147","$6,581","$6,879","$7,047","$7,331","$7,609","$7,988",5%,21%,,
Montana,"$3,058","$3,094","$3,094","$3,255","$3,232","$3,385","$3,401","$3,309","$3,306","$3,321","$3,261","$3,333","$3,376","$3,603",7%,9%,,"$5,775","$6,161","$6,325","$6,231","$5,938","$6,235","$6,301","$6,372","$6,576","$6,524","$6,463","$6,514","$6,542","$6,907",6%,5%,,
North Carolina,"$1,544","$1,560","$1,512","$1,576","$1,502","$1,819","$1,994","$2,243","$2,310","$2,361","$2,363","$2,387","$2,470","$2,437",-1%,5%,,"$4,609","$4,579","$4,892","$5,060","$4,887","$5,159","$5,977","$6,164","$6,625","$6,828","$6,856","$7,149","$7,323","$7,385",1%,11%,,
North Dakota,"$3,877","$4,059","$3,974","$4,060","$4,270","$4,408","$4,357","$4,254","$4,241","$4,302","$4,307","$4,520","$4,506","$4,589",2%,8%,,"$5,953","$6,356","$6,630","$6,819","$6,796","$7,201","$7,376","$7,434","$7,486","$7,622","$7,720","$7,885","$8,025","$8,197",2%,10%,,
Nebraska,"$2,279","$2,338","$2,421","$2,532","$2,493","$2,608","$2,708","$2,699","$2,779","$2,804","$2,839","$2,968","$3,044","$3,122",3%,12%,,"$6,100","$6,642","$6,290","$6,559","$6,628","$7,086","$7,411","$7,483","$7,676","$7,665","$7,537","$7,803","$8,030","$8,269",3%,8%,,
New Hampshire,"$6,049","$6,494","$6,296","$6,592","$6,240","$6,697","$7,041","$7,285","$7,197","$7,057","$6,691","$6,679","$6,645","$6,845",3%,-5%,,"$10,449","$10,754","$10,979","$11,397","$11,455","$12,589","$13,413","$14,629","$15,615","$15,353","$15,135","$15,549","$15,970","$16,073",1%,3%,,
New Jersey,"$3,621","$3,692","$3,835","$3,980","$3,951","$4,313","$4,404","$4,454","$4,445","$4,470","$4,562","$4,718","$4,802","$4,870",1%,10%,,"$10,312","$10,775","$11,224","$11,721","$11,961","$12,655","$13,080","$13,034","$13,267","$13,332","$13,362","$13,648","$13,796","$13,868",1%,5%,,
New Mexico,"$1,344","$1,401","$1,326","$1,343","$1,275","$1,373","$1,488","$1,624","$1,702","$1,692","$1,700","$1,698","$1,744","$1,755",1%,3%,,"$5,052","$5,320","$4,879","$4,992","$5,030","$5,440","$5,758","$5,889","$6,067","$6,246","$6,324","$6,570","$6,750","$6,921",3%,14%,,
Nevada,"$2,055","$2,058","$2,039","$2,072","$2,138","$2,298","$2,518","$2,723","$2,885","$2,829","$2,774","$2,877","$2,960","$3,213",9%,11%,,"$3,714","$3,782","$4,384","$4,640","$4,893","$5,164","$5,971","$6,548","$6,827","$6,693","$6,603","$6,832","$7,029","$7,274",3%,7%,,
New York,"$4,229","$4,238","$4,162","$4,168","$4,065","$4,400","$4,447","$4,608","$4,758","$4,840","$4,984","$5,234","$5,283","$5,332",1%,12%,,"$6,395","$6,271","$6,064","$5,965","$5,699","$6,525","$6,504","$6,722","$7,011","$7,258","$7,494","$7,842","$7,843","$7,940",1%,13%,,
Ohio,"$4,137","$4,236","$4,132","$4,131","$3,913","$3,973","$4,190","$4,283","$4,496","$4,583","$4,655","$4,650","$4,395","$4,387",0%,-2%,,"$10,645","$10,448","$10,157","$9,944","$9,430","$9,667","$10,168","$10,237","$10,437","$10,418","$10,363","$10,467","$10,485","$10,505",0%,1%,,
Oklahoma,"$2,722","$2,802","$2,774","$2,921","$2,997","$3,074","$3,180","$3,276","$3,380","$3,446","$3,592","$3,741","$4,028","$4,173",4%,23%,,"$4,569","$4,758","$5,331","$5,868","$6,278","$6,162","$6,456","$6,578","$6,841","$6,898","$7,276","$7,641","$8,170","$8,460",4%,24%,,
Oregon,"$3,700","$3,716","$3,802","$3,786","$3,712","$4,105","$4,205","$4,357","$4,511","$4,641","$4,684","$4,777","$4,868","$5,041",4%,12%,,"$6,748","$6,802","$6,707","$6,988","$6,943","$7,850","$8,347","$8,661","$8,881","$9,012","$9,179","$9,612","$9,907","$10,357",5%,17%,,
Pennsylvania,"$3,707","$3,823","$3,740","$3,800","$3,722","$3,919","$3,896","$4,255","$4,487","$4,663","$4,827","$5,054","$5,316","$5,327",0%,19%,,"$10,661","$10,827","$10,887","$11,507","$11,521","$12,235","$12,723","$13,094","$13,224","$13,415","$13,495","$13,737","$14,184","$14,437",2%,9%,,
Puerto Rico,N/A,N/A,N/A,N/A,N/A,N/A,N/A,N/A,N/A,N/A,N/A,N/A,N/A,N/A,N/A,N/A,,"$1,517","$1,768","$1,709","$2,099","$2,079","$2,151","$2,862","$2,831","$2,929","$2,004","$2,145","$2,165","$2,213","$2,167",-2%,-26%,,
Rhode Island,"$2,986","$3,094","$3,231","$3,345","$3,439","$3,837","$4,101","$3,983","$4,220","$4,139","$4,058","$4,376","$4,339","$4,564",5%,8%,,"$7,668","$8,066","$8,164","$8,486","$8,599","$9,665","$10,464","$10,850","$11,669","$11,418","$11,259","$11,689","$11,620","$12,226",5%,5%,,
South Carolina,"$3,655","$3,684","$3,759","$3,802","$3,724","$3,957","$4,094","$4,027","$4,539","$4,706","$4,770","$4,894","$5,070","$5,208",3%,15%,,"$8,544","$9,252","$9,518","$9,837","$10,163","$10,821","$11,299","$11,221","$11,479","$11,700","$11,765","$12,120","$12,417","$12,615",2%,10%,,
South Dakota,"$3,923","$4,004","$4,149","$4,226","$4,383","$4,904","$5,148","$5,356","$5,842","$5,806","$5,861","$6,296","$6,400","$6,560",2%,12%,,"$5,619","$5,754","$5,977","$6,279","$6,341","$6,855","$7,094","$7,360","$7,894","$8,010","$7,911","$8,262","$8,301","$8,446",2%,7%,,
Tennessee,"$2,839","$2,994","$2,995","$3,093","$3,090","$3,377","$3,589","$3,849","$3,909","$3,943","$4,055","$4,265","$4,335","$4,292",-1%,10%,,"$5,565","$5,967","$5,982","$6,305","$6,328","$6,931","$7,323","$7,769","$8,201","$8,421","$9,170","$9,501","$9,701","$9,789",1%,19%,,
Texas,"$1,786","$1,840","$1,937","$1,938","$1,850","$1,985","$2,086","$2,210","$2,293","$2,310","$2,353","$2,383","$2,479","$2,547",3%,11%,,"$6,559","$6,746","$7,199","$7,580","$7,700","$8,330","$8,695","$8,725","$8,915","$8,929","$9,079","$9,458","$9,700","$9,836",1%,10%,,
Utah,"$2,607","$2,700","$2,795","$2,872","$2,843","$3,080","$3,219","$3,269","$3,365","$3,471","$3,562","$3,657","$3,724","$3,753",1%,12%,,"$4,231","$4,489","$4,590","$4,770","$4,757","$5,198","$5,520","$5,743","$5,996","$6,197","$6,330","$6,526","$6,673","$6,788",2%,13%,,
Virginia,"$2,690","$2,745","$2,853","$3,010","$3,183","$3,509","$4,025","$4,316","$4,479","$4,537","$4,685","$4,925","$5,058","$5,127",1%,14%,,"$7,210","$7,545","$7,886","$8,236","$8,436","$9,021","$9,891","$10,331","$10,579","$10,863","$11,490","$12,122","$12,565","$12,820",2%,21%,,
Vermont,"$6,100","$6,251","$6,291","$6,463","$6,488","$6,900","$7,018","$7,064","$7,255","$7,430","$7,521","$7,723","$7,873","$7,980",1%,10%,,"$11,351","$11,585","$11,768","$12,322","$12,621","$13,658","$14,006","$14,188","$14,451","$14,633","$14,874","$15,378","$15,830","$16,043",1%,11%,,
Washington,"$3,208","$3,298","$3,293","$3,383","$3,296","$3,584","$3,773","$4,132","$4,533","$4,512","$4,413","$4,279","$4,276","$4,376",2%,-3%,,"$6,351","$6,579","$6,820","$7,035","$7,159","$8,322","$9,204","$10,287","$11,320","$11,329","$10,978","$10,551","$9,430","$9,480",1%,-16%,,
Wisconsin,"$3,756","$3,924","$3,783","$3,843","$3,808","$3,986","$4,068","$4,149","$4,306","$4,379","$4,430","$4,581","$4,409","$4,394",0%,2%,,"$6,744","$7,048","$7,268","$7,536","$7,563","$8,149","$8,658","$8,881","$9,285","$9,160","$9,011","$9,035","$9,087","$8,962",-1%,-3%,,
West Virginia,"$2,690","$2,633","$2,655","$2,756","$2,759","$2,992","$2,834","$2,933","$3,123","$3,435","$3,834","$3,928","$4,072","$4,299",6%,38%,,"$4,693","$4,849","$5,011","$5,178","$5,238","$5,661","$5,868","$5,998","$6,288","$6,552","$6,870","$7,327","$7,620","$7,887",3%,25%,,
Wyoming,"$2,179","$2,217","$2,201","$2,259","$2,246","$2,460","$2,496","$2,521","$2,607","$2,730","$2,781","$2,852","$3,051","$3,154",3%,21%,,"$4,191","$4,296","$4,228","$4,177","$4,030","$4,235","$4,409","$4,469","$4,571","$4,615","$4,773","$5,017","$5,142","$5,217",1%,14%,,
,Public Two-Year In-District Tuition and Fees,,,,,,,,,,,,,,,,Public Four-Year In-State Tuition and Fees,,,,,,,,,,,,,,,,,,
In Current Dollars,2004-05,2005-06,2006-07,  2007-08 ,2008-09,2009-10,2010-11,2011-12,2012-13,2013-14,2014-15,2015-16,2016-17,2017_18,1-Year % Change,5-Year % Change,,2004-05,2005-06,2006-07,  2007-08 ,2008-09,2009-10,2010-11,2011-12,2012-13,2013-14,2014-15,2015-16,2016-17,2017-18,1-Year % Change,5-Year % Change,,
Alaska,N/A,N/A,N/A,N/A,N/A,N/A,N/A,N/A,N/A,N/A,N/A,N/A,,,N/A,N/A,,"$3,435","$3,793","$4,194","$4,425","$4,678","$4,922","$5,261","$5,455","$5,785","$5,885","$6,138","$6,703","$7,128","$7,438",4%,29%,,
Alabama,"$2,728","$2,730","$2,786","$2,809","$2,835","$2,839","$3,417","$4,010","$4,088","$4,151","$4,257","$4,314","$4,395","$4,487",2%,10%,,"$4,510","$4,782","$4,906","$5,244","$5,968","$6,487","$7,373","$8,001","$8,734","$9,161","$9,480","$9,746","$10,083","$10,530",4%,21%,,
Arkansas,"$1,874","$1,980","$2,095","$2,138","$2,296","$2,378","$2,525","$2,663","$2,794","$3,006","$3,177","$3,403","$3,533","$3,645",3%,30%,,"$4,581","$4,980","$5,314","$5,599","$5,914","$5,980","$6,304","$6,654","$6,995","$7,251","$7,594","$7,882","$8,254","$8,553",4%,22%,,
Arizona,"$1,393","$1,522","$1,660","$1,686","$1,821","$1,918","$1,979","$2,151","$2,204","$2,334","$2,430","$2,475","$2,559","$2,606",2%,18%,,"$4,078","$4,434","$4,674","$4,959","$5,584","$6,554","$8,075","$9,435","$9,728","$10,078","$10,396","$10,634","$10,931","$11,218",3%,15%,,
California,$808,$810,$724,$633,$634,$817,$819,"$1,119","$1,419","$1,425","$1,428","$1,422","$1,426","$1,430",0%,1%,,"$4,195","$4,526","$4,549","$4,951","$5,436","$6,550","$7,485","$8,933","$8,986","$9,078","$9,171","$9,267","$9,302","$9,680",4%,8%,,
Colorado,"$2,218","$2,388","$2,376","$2,459","$2,550","$2,768","$3,122","$3,394","$3,577","$3,745","$3,900","$4,077","$4,265","$4,458",5%,25%,,"$3,733","$4,427","$4,772","$5,435","$5,792","$6,270","$7,078","$7,872","$8,441","$9,096","$9,283","$9,748","$10,287","$10,797",5%,28%,,
Connecticut,"$2,406","$2,536","$2,672","$2,828","$2,984","$3,200","$3,408","$3,490","$3,598","$3,786","$3,866","$4,048","$4,187","$4,306",3%,20%,,"$6,336","$6,754","$7,135","$7,574","$8,038","$8,456","$8,977","$9,217","$9,635","$10,232","$10,646","$11,174","$11,781","$12,392",5%,29%,,
District of Columbia,N/A,N/A,N/A,N/A,N/A,N/A,N/A,N/A,N/A,N/A,N/A,N/A,N/A,N/A,N/A,N/A,,"$2,520","$2,520","$3,210","$3,770","$3,770","$5,370","$7,000","$7,000","$7,244","$7,255","$7,338","$7,421","$7,844","$8,060",3%,11%,,
Delaware,"$2,509","$2,679","$2,858","$2,996","$3,255","$3,418","$3,574","$3,817","$3,851","$4,050","$4,294","$4,414","$4,533","$4,720",4%,23%,,"$6,629","$7,050","$7,403","$7,808","$8,291","$9,012","$9,623","$10,438","$10,908","$11,259","$11,495","$11,676","$11,929","$12,267",3%,12%,,
Florida,"$1,780","$1,919","$2,031","$2,031","$2,292","$2,553","$2,773","$2,985","$3,091","$3,141","$3,176","$3,234","$3,234","$3,243",0%,5%,,"$3,054","$3,213","$3,315","$3,386","$3,825","$4,316","$5,034","$5,624","$6,235","$6,315","$6,334","$6,360","$6,355","$6,363",0%,2%,,
Georgia,"$2,075","$2,208","$2,236","$2,120","$2,104","$2,596","$2,800","$3,125","$3,315","$3,427","$3,599","$3,678","$3,770","$3,839",2%,16%,,"$3,411","$3,678","$3,909","$4,181","$4,453","$5,008","$5,872","$7,298","$7,539","$7,823","$8,049","$8,447","$8,415","$8,573",2%,14%,,
Hawaii,"$1,458","$1,525","$1,732","$1,946","$2,192","$2,443","$2,710","$2,965","$3,097","$3,252","$3,492","$3,664","$3,844","$3,845",0%,24%,,"$3,386","$3,491","$4,227","$5,017","$5,823","$6,638","$7,458","$8,368","$8,613","$9,073","$9,696","$10,175","$10,651","$10,658",0%,24%,,
Iowa,"$2,920","$3,090","$3,202","$3,331","$3,512","$3,701","$3,912","$4,111","$4,251","$4,387","$4,523","$4,736","$4,913","$5,083",3%,20%,,"$5,407","$5,619","$5,900","$6,218","$6,433","$6,712","$7,155","$7,562","$7,831","$7,837","$7,855","$7,877","$8,270","$8,759",6%,12%,,
Idaho,"$1,798","$1,876","$1,979","$2,092","$2,232","$2,418","$2,554","$2,791","$3,114","$3,697","$3,749","$3,872","$4,016","$4,045",1%,30%,,"$3,591","$3,922","$4,156","$4,382","$4,612","$4,886","$5,330","$5,682","$5,989","$6,325","$6,599","$6,818","$7,013","$7,250",3%,21%,,
Illinois,"$1,990","$2,147","$2,301","$2,440","$2,597","$2,729","$3,010","$3,152","$3,249","$3,393","$3,544","$3,748","$3,896","$4,061",4%,25%,,"$6,494","$6,914","$8,058","$9,099","$10,021","$10,410","$10,969","$11,630","$12,168","$12,580","$12,791","$13,027","$13,440","$13,621",1%,12%,,
Indiana,"$2,584","$2,728","$2,882","$3,003","$3,137","$3,279","$3,441","$3,538","$3,660","$3,809","$4,178","$4,324","$4,458","$4,556",2%,24%,,"$5,847","$6,155","$6,555","$6,875","$7,222","$7,643","$7,988","$8,343","$8,715","$8,926","$9,033","$9,120","$9,245","$9,361",1%,7%,,
Kansas,"$1,767","$1,848","$1,887","$1,928","$1,984","$2,121","$2,281","$2,362","$2,517","$2,544","$2,679","$2,779","$2,947","$3,024",3%,20%,,"$4,242","$4,699","$5,213","$5,746","$6,010","$6,312","$6,627","$6,920","$7,280","$7,729","$8,256","$8,443","$8,907","$9,227",4%,27%,,
Kentucky,"$2,770","$3,008","$3,270","$3,450","$3,684","$3,759","$3,900","$4,051","$4,201","$4,322","$4,461","$4,653","$4,910","$5,090",4%,21%,,"$4,476","$5,029","$5,764","$6,279","$6,809","$7,116","$7,519","$7,974","$8,462","$8,701","$9,208","$9,567","$9,971","$10,302",3%,22%,,
Louisiana,"$1,738","$1,841","$1,875","$1,915","$1,947","$2,049","$2,212","$2,701","$3,001","$3,381","$3,625","$3,970","$4,055","$4,136",2%,38%,,"$3,534","$3,695","$3,770","$3,830","$4,073","$4,282","$4,733","$5,246","$5,875","$6,605","$7,324","$8,130","$8,933","$9,302",4%,58%,,
Massachusetts,"$3,361","$3,498","$3,579","$3,694","$3,925","$4,291","$4,594","$4,817","$5,114","$5,142","$5,309","$5,697","$5,831","$6,076",4%,19%,,"$7,034","$7,335","$7,583","$7,887","$8,239","$9,239","$9,488","$10,165","$10,649","$10,748","$10,968","$11,615","$12,312","$12,732",3%,20%,,
Maryland,"$2,978","$3,093","$3,122","$3,252","$3,329","$3,394","$3,567","$3,708","$3,886","$3,992","$4,135","$4,274","$4,417","$4,536",3%,17%,,"$6,770","$7,137","$7,216","$7,314","$7,392","$7,476","$7,737","$7,961","$8,210","$8,480","$8,682","$9,163","$9,358","$9,575",2%,17%,,
Maine,"$2,595","$2,812","$2,926","$3,120","$3,156","$3,236","$3,260","$3,329","$3,333","$3,398","$3,490","$3,491","$3,536","$3,582",1%,7%,,"$5,601","$6,065","$6,616","$7,334","$8,078","$8,544","$8,945","$9,366","$9,363","$9,391","$9,544","$9,573","$9,687","$9,965",3%,6%,,
Michigan,"$1,995","$2,126","$2,231","$2,329","$2,455","$2,527","$2,694","$2,861","$3,042","$3,225","$3,378","$3,476","$3,587","$3,757",5%,24%,,"$6,294","$7,097","$7,673","$8,499","$9,130","$9,761","$10,135","$10,841","$11,193","$11,600","$11,599","$11,994","$12,477","$12,935",4%,16%,,
Minnesota,"$3,795","$4,013","$4,264","$4,446","$4,562","$4,739","$4,939","$5,161","$5,369","$5,373","$5,382","$5,391","$5,375","$5,435",1%,1%,,"$6,463","$6,944","$7,518","$7,798","$8,317","$8,788","$9,387","$10,018","$10,361","$10,464","$10,564","$10,831","$11,016","$11,302",3%,9%,,
Missouri,"$2,152","$2,279","$2,391","$2,505","$2,586","$2,580","$2,580","$2,736","$2,888","$2,986","$3,078","$3,194","$3,264","$3,450",6%,19%,,"$5,934","$6,271","$6,526","$6,845","$7,228","$7,215","$7,271","$7,685","$7,945","$8,093","$8,395","$8,553","$8,628","$8,875",3%,12%,,
Mississippi,"$1,546","$1,668","$1,693","$1,709","$1,770","$1,855","$2,119","$2,205","$2,265","$2,393","$2,529","$2,585","$2,770","$3,118",13%,38%,,"$3,991","$4,184","$4,450","$4,757","$4,947","$4,952","$5,294","$5,673","$6,159","$6,565","$6,859","$7,147","$7,481","$7,988",7%,30%,,
Montana,"$2,366","$2,470","$2,572","$2,770","$2,904","$2,978","$3,029","$3,054","$3,094","$3,170","$3,174","$3,250","$3,319","$3,603",9%,16%,,"$4,468","$4,918","$5,258","$5,302","$5,336","$5,485","$5,612","$5,881","$6,155","$6,225","$6,291","$6,351","$6,431","$6,907",7%,12%,,
North Carolina,"$1,195","$1,245","$1,257","$1,341","$1,350","$1,600","$1,776","$2,070","$2,162","$2,253","$2,300","$2,327","$2,429","$2,437",0%,13%,,"$3,566","$3,655","$4,067","$4,306","$4,391","$4,539","$5,323","$5,689","$6,201","$6,516","$6,673","$6,969","$7,199","$7,385",3%,19%,,
North Dakota,"$3,000","$3,240","$3,304","$3,455","$3,837","$3,878","$3,880","$3,926","$3,969","$4,105","$4,192","$4,406","$4,430","$4,589",4%,16%,,"$4,606","$5,074","$5,512","$5,803","$6,107","$6,335","$6,569","$6,861","$7,006","$7,274","$7,514","$7,688","$7,890","$8,197",4%,17%,,
Nebraska,"$1,763","$1,866","$2,013","$2,155","$2,240","$2,294","$2,412","$2,491","$2,601","$2,676","$2,764","$2,894","$2,993","$3,122",4%,20%,,"$4,720","$5,302","$5,229","$5,581","$5,956","$6,234","$6,600","$6,906","$7,184","$7,315","$7,335","$7,608","$7,894","$8,269",5%,15%,,
New Hampshire,"$4,680","$5,184","$5,234","$5,609","$5,607","$5,892","$6,271","$6,724","$6,736","$6,735","$6,512","$6,512","$6,533","$6,845",5%,2%,,"$8,085","$8,584","$9,127","$9,698","$10,293","$11,075","$11,946","$13,502","$14,615","$14,652","$14,731","$15,160","$15,700","$16,073",2%,10%,,
New Jersey,"$2,802","$2,947","$3,188","$3,387","$3,550","$3,794","$3,922","$4,111","$4,160","$4,266","$4,441","$4,600","$4,721","$4,870",3%,17%,,"$7,979","$8,601","$9,331","$9,974","$10,748","$11,133","$11,649","$12,030","$12,417","$12,723","$13,005","$13,306","$13,562","$13,868",2%,12%,,
New Mexico,"$1,040","$1,118","$1,102","$1,143","$1,146","$1,208","$1,325","$1,499","$1,593","$1,615","$1,654","$1,656","$1,715","$1,755",2%,10%,,"$3,909","$4,247","$4,056","$4,248","$4,520","$4,786","$5,128","$5,435","$5,678","$5,960","$6,155","$6,406","$6,636","$6,921",4%,22%,,
Nevada,"$1,590","$1,643","$1,695","$1,763","$1,921","$2,022","$2,243","$2,513","$2,700","$2,700","$2,700","$2,805","$2,910","$3,213",10%,19%,,"$2,874","$3,019","$3,645","$3,948","$4,397","$4,543","$5,318","$6,043","$6,390","$6,387","$6,427","$6,661","$6,910","$7,274",5%,14%,,
New York,"$3,272","$3,383","$3,460","$3,547","$3,653","$3,871","$3,961","$4,253","$4,453","$4,619","$4,851","$5,103","$5,193","$5,332",3%,20%,,"$4,948","$5,006","$5,041","$5,076","$5,121","$5,740","$5,793","$6,204","$6,562","$6,926","$7,293","$7,645","$7,710","$7,940",3%,21%,,
Ohio,"$3,201","$3,381","$3,435","$3,515","$3,516","$3,495","$3,732","$3,953","$4,208","$4,374","$4,531","$4,534","$4,321","$4,387",2%,4%,,"$8,236","$8,340","$8,444","$8,462","$8,474","$8,505","$9,056","$9,448","$9,768","$9,942","$10,087","$10,205","$10,307","$10,505",2%,8%,,
Oklahoma,"$2,106","$2,237","$2,306","$2,486","$2,693","$2,704","$2,832","$3,024","$3,163","$3,288","$3,497","$3,647","$3,959","$4,173",5%,32%,,"$3,535","$3,798","$4,432","$4,993","$5,641","$5,421","$5,750","$6,071","$6,403","$6,583","$7,082","$7,450","$8,032","$8,460",5%,32%,,
Oregon,"$2,863","$2,966","$3,161","$3,222","$3,336","$3,611","$3,745","$4,021","$4,222","$4,429","$4,559","$4,657","$4,785","$5,041",5%,19%,,"$5,221","$5,430","$5,576","$5,946","$6,239","$6,906","$7,434","$7,994","$8,312","$8,600","$8,934","$9,371","$9,740","$10,357",6%,25%,,
Pennsylvania,"$2,868","$3,052","$3,110","$3,234","$3,345","$3,448","$3,470","$3,927","$4,200","$4,450","$4,698","$4,927","$5,226","$5,327",2%,27%,,"$8,249","$8,643","$9,051","$9,792","$10,353","$10,764","$11,331","$12,085","$12,377","$12,802","$13,135","$13,393","$13,944","$14,437",4%,17%,,
Puerto Rico,N/A,N/A,N/A,N/A,N/A,N/A,N/A,N/A,N/A,N/A,N/A,N/A,N/A,N/A,N/A,N/A,,"$1,174","$1,411","$1,421","$1,786","$1,868","$1,892","$2,549","$2,613","$2,741","$1,912","$2,088","$2,110","$2,175","$2,167",0%,-21%,,
Rhode Island,"$2,310","$2,470","$2,686","$2,846","$3,090","$3,376","$3,652","$3,676","$3,950","$3,950","$3,950","$4,266","$4,266","$4,564",7%,16%,,"$5,933","$6,439","$6,787","$7,221","$7,727","$8,503","$9,319","$10,014","$10,921","$10,896","$10,959","$11,396","$11,423","$12,226",7%,12%,,
South Carolina,"$2,828","$2,941","$3,125","$3,235","$3,346","$3,481","$3,646","$3,717","$4,248","$4,491","$4,642","$4,772","$4,984","$5,208",4%,23%,,"$6,611","$7,385","$7,913","$8,371","$9,132","$9,520","$10,063","$10,356","$10,744","$11,166","$11,450","$11,816","$12,207","$12,615",3%,17%,,
South Dakota,"$3,035","$3,196","$3,449","$3,596","$3,939","$4,314","$4,585","$4,943","$5,468","$5,541","$5,705","$6,138","$6,292","$6,560",4%,20%,,"$4,348","$4,593","$4,969","$5,343","$5,698","$6,031","$6,318","$6,793","$7,388","$7,644","$7,700","$8,055","$8,161","$8,446",3%,14%,,
Tennessee,"$2,197","$2,390","$2,490","$2,632","$2,777","$2,971","$3,196","$3,552","$3,659","$3,763","$3,947","$4,159","$4,262","$4,292",1%,17%,,"$4,306","$4,763","$4,973","$5,365","$5,686","$6,098","$6,522","$7,170","$7,676","$8,036","$8,925","$9,263","$9,537","$9,789",3%,28%,,
Texas,"$1,382","$1,469","$1,610","$1,649","$1,662","$1,746","$1,858","$2,040","$2,146","$2,204","$2,290","$2,324","$2,437","$2,547",5%,19%,,"$5,075","$5,385","$5,985","$6,450","$6,919","$7,328","$7,744","$8,053","$8,344","$8,521","$8,837","$9,221","$9,536","$9,836",3%,18%,,
Utah,"$2,017","$2,155","$2,324","$2,444","$2,555","$2,710","$2,867","$3,017","$3,149","$3,312","$3,466","$3,565","$3,661","$3,753",3%,19%,,"$3,274","$3,583","$3,816","$4,059","$4,275","$4,573","$4,916","$5,300","$5,612","$5,914","$6,161","$6,363","$6,560","$6,788",3%,21%,,
Virginia,"$2,081","$2,191","$2,372","$2,561","$2,860","$3,087","$3,585","$3,983","$4,192","$4,330","$4,560","$4,802","$4,973","$5,127",3%,22%,,"$5,579","$6,023","$6,556","$7,008","$7,581","$7,936","$8,809","$9,535","$9,901","$10,366","$11,183","$11,818","$12,353","$12,820",4%,29%,,
Vermont,"$4,720","$4,990","$5,230","$5,500","$5,830","$6,070","$6,250","$6,520","$6,790","$7,090","$7,320","$7,530","$7,740","$7,980",3%,18%,,"$8,783","$9,248","$9,783","$10,485","$11,341","$12,016","$12,474","$13,095","$13,525","$13,965","$14,476","$14,993","$15,562","$16,043",3%,19%,,
Washington,"$2,482","$2,633","$2,738","$2,879","$2,962","$3,153","$3,360","$3,814","$4,243","$4,306","$4,295","$4,172","$4,204","$4,376",4%,3%,,"$4,914","$5,252","$5,670","$5,986","$6,433","$7,321","$8,197","$9,494","$10,595","$10,811","$10,685","$10,287","$9,270","$9,480",2%,-11%,,
Wisconsin,"$2,906","$3,132","$3,145","$3,270","$3,422","$3,507","$3,623","$3,829","$4,030","$4,179","$4,312","$4,466","$4,334","$4,394",1%,9%,,"$5,218","$5,626","$6,042","$6,413","$6,796","$7,169","$7,711","$8,197","$8,690","$8,741","$8,770","$8,809","$8,933","$8,962",0%,3%,,
West Virginia,"$2,081","$2,102","$2,207","$2,345","$2,479","$2,632","$2,524","$2,707","$2,923","$3,278","$3,731","$3,829","$4,003","$4,299",7%,47%,,"$3,631","$3,871","$4,166","$4,406","$4,707","$4,980","$5,226","$5,536","$5,885","$6,253","$6,687","$7,143","$7,492","$7,887",5%,34%,,
Wyoming,"$1,686","$1,770","$1,830","$1,922","$2,018","$2,164","$2,223","$2,327","$2,440","$2,605","$2,706","$2,781","$2,999","$3,154",5%,29%,,"$3,243","$3,429","$3,515","$3,554","$3,621","$3,726","$3,927","$4,125","$4,278","$4,404","$4,646","$4,891","$5,055","$5,217",3%,22%,,
"SOURCE: The College Board, Annual Survey of Colleges.",,,,,,,,,,,,,,,,,,,,,,,,,,,,,,,,,,,
Note: Average tuition and fee prices are weighted by full-time enrollment. ,,,,,,,,,,,,,,,,,,,,,,,,,,,,,,,,,,,
Data on individual states should be interpreted with caution because of the possible impact of reporting errors and missing data on states with small numbers of institutions.,,,,,,,,,,,,,,,,,,,,,,,,,,,,,,,,,,,
This table was prepared in October 2017.,,,,,,,,,,,,,,,,,,,,,,,,,,,,,,,,,,,
,,,,,,,,,,,,,,,,,,,,,,,,,,,,,,,,,,,
,,,,,,,,,,,,,,,,,,,,,,,,,,,,,,,,,,,
,,,,,,,,,,,,,,,,,,,,,,,,,,,,,,,,,,,
